{"llama3": {"llama3-capital-common-countries": {"max_score": 23, "random_threshold_percentage": 0.08423913043478261, "score": 7.3125, "correct_percentage": 0.3179347826086957}, "llama3-capital-world": {"max_score": 116, "random_threshold_percentage": 0.01670258620689655, "score": 55.125, "correct_percentage": 0.47521551724137934}, "llama3-currency": {"max_score": 30, "random_threshold_percentage": 0.06458333333333334, "score": 2.4375, "correct_percentage": 0.08125}, "llama3-city-in-state": {"max_score": 68, "random_threshold_percentage": 0.02849264705882353, "score": 9.5, "correct_percentage": 0.13970588235294118}, "llama3-family": {"max_score": 23, "random_threshold_percentage": 0.08423913043478261, "score": 13.125, "correct_percentage": 0.5706521739130435}, "llama3-gram1-adjective-to-adverb": {"max_score": 32, "random_threshold_percentage": 0.060546875, "score": 13.1875, "correct_percentage": 0.412109375}, "llama3-gram2-opposite": {"max_score": 29, "random_threshold_percentage": 0.0668103448275862, "score": 13, "correct_percentage": 0.4482758620689655}, "llama3-gram3-comparative": {"max_score": 37, "random_threshold_percentage": 0.05236486486486487, "score": 4.375, "correct_percentage": 0.11824324324324324}, "llama3-gram4-superlative": {"max_score": 34, "random_threshold_percentage": 0.05698529411764706, "score": 6, "correct_percentage": 0.17647058823529413}, "llama3-gram5-present-participle": {"max_score": 33, "random_threshold_percentage": 0.058712121212121215, "score": 10.25, "correct_percentage": 0.3106060606060606}, "llama3-gram6-nationality-adjective": {"max_score": 41, "random_threshold_percentage": 0.04725609756097562, "score": 24.375, "correct_percentage": 0.5945121951219512}, "llama3-gram7-past-tense": {"max_score": 40, "random_threshold_percentage": 0.04843750000000001, "score": 11.6875, "correct_percentage": 0.2921875}, "llama3-gram8-plural": {"max_score": 37, "random_threshold_percentage": 0.05236486486486487, "score": 12.625, "correct_percentage": 0.34121621621621623}, "llama3-gram9-plural-verbs": {"max_score": 30, "random_threshold_percentage": 0.06458333333333334, "score": 7.0625, "correct_percentage": 0.23541666666666666}}, "text-embedding-3-small": {"text-embedding-3-small-capital-common-countries": {"max_score": 23, "random_threshold_percentage": 0.08423913043478261, "score": 23, "correct_percentage": 1.0}, "text-embedding-3-small-capital-world": {"max_score": 116, "random_threshold_percentage": 0.01670258620689655, "score": 111.4375, "correct_percentage": 0.9606681034482759}, "text-embedding-3-small-currency": {"max_score": 30, "random_threshold_percentage": 0.06458333333333334, "score": 16.25, "correct_percentage": 0.5416666666666666}, "text-embedding-3-small-city-in-state": {"max_score": 68, "random_threshold_percentage": 0.02849264705882353, "score": 32.0625, "correct_percentage": 0.47150735294117646}, "text-embedding-3-small-family": {"max_score": 23, "random_threshold_percentage": 0.08423913043478261, "score": 21.0, "correct_percentage": 0.9130434782608695}, "text-embedding-3-small-gram1-adjective-to-adverb": {"max_score": 32, "random_threshold_percentage": 0.060546875, "score": 32, "correct_percentage": 1.0}, "text-embedding-3-small-gram2-opposite": {"max_score": 29, "random_threshold_percentage": 0.0668103448275862, "score": 27.25, "correct_percentage": 0.9396551724137931}, "text-embedding-3-small-gram3-comparative": {"max_score": 37, "random_threshold_percentage": 0.05236486486486487, "score": 35.75, "correct_percentage": 0.9662162162162162}, "text-embedding-3-small-gram4-superlative": {"max_score": 34, "random_threshold_percentage": 0.05698529411764706, "score": 33.5, "correct_percentage": 0.9852941176470589}, "text-embedding-3-small-gram5-present-participle": {"max_score": 33, "random_threshold_percentage": 0.058712121212121215, "score": 33, "correct_percentage": 1.0}, "text-embedding-3-small-gram6-nationality-adjective": {"max_score": 41, "random_threshold_percentage": 0.04725609756097562, "score": 41, "correct_percentage": 1.0}, "text-embedding-3-small-gram7-past-tense": {"max_score": 40, "random_threshold_percentage": 0.04843750000000001, "score": 38.625, "correct_percentage": 0.965625}, "text-embedding-3-small-gram8-plural": {"max_score": 37, "random_threshold_percentage": 0.05236486486486487, "score": 37, "correct_percentage": 1.0}, "text-embedding-3-small-gram9-plural-verbs": {"max_score": 30, "random_threshold_percentage": 0.06458333333333334, "score": 30, "correct_percentage": 1.0}}, "text-embedding-3-large": {"text-embedding-3-large-capital-common-countries": {"max_score": 23, "random_threshold_percentage": 0.08423913043478261, "score": 22.5, "correct_percentage": 0.9782608695652174}, "text-embedding-3-large-capital-world": {"max_score": 116, "random_threshold_percentage": 0.01670258620689655, "score": 114.5625, "correct_percentage": 0.9876077586206896}, "text-embedding-3-large-currency": {"max_score": 30, "random_threshold_percentage": 0.06458333333333334, "score": 22.4375, "correct_percentage": 0.7479166666666667}, "text-embedding-3-large-city-in-state": {"max_score": 68, "random_threshold_percentage": 0.02849264705882353, "score": 31.0, "correct_percentage": 0.45588235294117646}, "text-embedding-3-large-family": {"max_score": 23, "random_threshold_percentage": 0.08423913043478261, "score": 23, "correct_percentage": 1.0}, "text-embedding-3-large-gram1-adjective-to-adverb": {"max_score": 32, "random_threshold_percentage": 0.060546875, "score": 31.5, "correct_percentage": 0.984375}, "text-embedding-3-large-gram2-opposite": {"max_score": 29, "random_threshold_percentage": 0.0668103448275862, "score": 28.5, "correct_percentage": 0.9827586206896551}, "text-embedding-3-large-gram3-comparative": {"max_score": 37, "random_threshold_percentage": 0.05236486486486487, "score": 37, "correct_percentage": 1.0}, "text-embedding-3-large-gram4-superlative": {"max_score": 34, "random_threshold_percentage": 0.05698529411764706, "score": 34, "correct_percentage": 1.0}, "text-embedding-3-large-gram5-present-participle": {"max_score": 33, "random_threshold_percentage": 0.058712121212121215, "score": 33, "correct_percentage": 1.0}, "text-embedding-3-large-gram6-nationality-adjective": {"max_score": 41, "random_threshold_percentage": 0.04725609756097562, "score": 41, "correct_percentage": 1.0}, "text-embedding-3-large-gram7-past-tense": {"max_score": 40, "random_threshold_percentage": 0.04843750000000001, "score": 40, "correct_percentage": 1.0}, "text-embedding-3-large-gram8-plural": {"max_score": 37, "random_threshold_percentage": 0.05236486486486487, "score": 37, "correct_percentage": 1.0}, "text-embedding-3-large-gram9-plural-verbs": {"max_score": 30, "random_threshold_percentage": 0.06458333333333334, "score": 30, "correct_percentage": 1.0}}, "text-embedding-ada-002": {"text-embedding-ada-002-capital-common-countries": {"max_score": 23, "random_threshold_percentage": 0.08423913043478261, "score": 22, "correct_percentage": 0.9565217391304348}, "text-embedding-ada-002-capital-world": {"max_score": 116, "random_threshold_percentage": 0.01670258620689655, "score": 107.25, "correct_percentage": 0.9245689655172413}, "text-embedding-ada-002-currency": {"max_score": 30, "random_threshold_percentage": 0.06458333333333334, "score": 17.6875, "correct_percentage": 0.5895833333333333}, "text-embedding-ada-002-city-in-state": {"max_score": 68, "random_threshold_percentage": 0.02849264705882353, "score": 31.75, "correct_percentage": 0.46691176470588236}, "text-embedding-ada-002-family": {"max_score": 23, "random_threshold_percentage": 0.08423913043478261, "score": 21.0625, "correct_percentage": 0.9157608695652174}, "text-embedding-ada-002-gram1-adjective-to-adverb": {"max_score": 32, "random_threshold_percentage": 0.060546875, "score": 31.5, "correct_percentage": 0.984375}, "text-embedding-ada-002-gram2-opposite": {"max_score": 29, "random_threshold_percentage": 0.0668103448275862, "score": 26.8125,